,Point,class,CnpyCov,MidCov,RepCov,GrdCov,Duff,baf,dwd,PntNum,GPS_E,GPS_N,Slp,Asp,SlpPos,EcoSys,EcoMoist,CanSpp1,CanHgt1,CanDist1,CanAge1,CanHgtLimb1,CanSpp2,CanHgt2,CanDist2,CanAge2,CanHgtLimb2,CanSpp3,CanHgt3,CanDist3,CanHgtLimb3,Duff_C,Duff_N,Duff_S,Duff_E,DUff_W,Pres_Can,Pres_Mid,Pres_Repr,Pres_Herb
1,BA3813,Succ,0.408163265,0.367346939,0.142857143,0.857142857,1,24.78660688,0,3813,8528.665,3202.84,0,0,Flat,CES203.496c,Mesic,Loblolly,51,NA,42,8,Loblolly,52,NA,37,10,Water Oak,73,NA,14,0,2,0,2,1,20,18,7,42
2,BA3816,Pine*,0.87755102,0.489795918,0.183673469,0.510204082,2.8,47.7728936,19926.71379,3816,8528.347,3202.672,4,360,Flat,CES203.496c,Mesic,Loblolly,80,NA,35,29,Loblolly,77,NA,32,32,Willow Oak,122,NA,31,3,0,4,6,1,43,24,9,25
3,BA3817,Succ,0.183673469,0.142857143,0.06122449,0.959183673,1,6.41580064,0,3817,8528.17,3202.647,3,170,Mid,CES203.496a,Mesic,Shortleaf Pine,72,NA,39,21,Shortleaf Pine,51,NA,37,9,Shortleaf Pine,62,NA,23,1,0,1,2,1,9,7,3,47
4,BA3825,ForWet,0.795918367,0.714285714,0.183673469,0.755102041,2.2,67.97229728,0,3825,8528.19,3202.344,0,85,Flat,CES203.496d,Mesic,Water Oak,114,NA,9999,17,Water Oak,122,NA,66,9,Sweetgum,106,NA,27,2,4,1,2,2,39,35,9,37
5,BA3842,ForWet,0.755102041,0.387755102,0.183673469,0.795918367,1.2,105.530809,92523.99086,3842,8528.093,3202.048,4,25,Lower,CES203.496d,Mesic,Water Oak,123,NA,62,42,Water Oak,124,NA,62,47,Willow Oak,141,NA,29,0,0,1,3,2,37,19,9,39
6,BA3859,ForWet,0.653061224,0.612244898,0.510204082,0.816326531,2.2,40.57161296,17402.48599,3859,8528.274,3201.783,2,180,Flat,CES203.496d,Mesic,Cottonwood,86,NA,65,36,Sweetgum,10,NA,9999,57,Red Oak,18,NA,149,0,3,2,2,4,32,30,25,40
7,BA3882,ForWet,0.510204082,0.693877551,0.489795918,0.673469388,1.6,18.37080624,264050.0012,3882,8527.634,3201.424,0,120,Flat,CES203.496d,Mesic,Loblolly,99,NA,35,39,Sweetgum,78,NA,9999,34,Sweetgum,78,NA,32,0,4,0,0,4,25,34,24,33
8,BA3896,Succ*,0.591836735,0.693877551,0.530612245,0.612244898,2.8,53.38750464,9523.222908,3896,8526.971,3201.219,0,0,Flat,CES203.496d,Mesic,Water Oak,99,16,50,31,Blackgum,68,33,68,33,Water Oak,100,36,9,4,1,4,2,3,29,34,26,30
9,BA3906,ForWet,0.836734694,0.959183673,0.93877551,0.571428571,1.2,33.75364656,15310.5518,3906,8527.513,3201.132,0,0,Flat,CES203.496d,Mesic,Water Oak,79,NA,27,36,Sweetgum,115,NA,9999,37,Tulip Poplar,165,NA,43,1,2,0,1,2,41,47,46,28
10,BA3907,ForWet*,0.020408163,0.040816327,0,0.612244898,0,0,0,3907,8527.335,3201.104,0,9999,Flat,SEGAP211,Mesic,White Oak,84,NA,9999,13,Tulip Poplar,38,NA,9999,12,NTTC,NA,NA,NA,0,0,0,0,0,1,2,0,30
11,BA3919,Pine,0.653061224,0.632653061,0.469387755,0.346938776,3.6,6.63887696,0,3919,8529.35,3101.129,7,325,Toe,CES203.496c,Mesic,Water Oak,32,NA,33,17,Loblolly,42,NA,25,27,Yellow Poplar,47,NA,15,4,3,2,5,4,32,31,23,17
12,BA3920,Pine,0.816326531,0.612244898,0.448979592,0.285714286,3.6,10.70452144,0,3920,8528.899,3201.106,9,310,Mid,CES203.496c,Mesic,Loblolly,58,NA,20,24,Loblolly,42,NA,19,24,Sweetgum,22,NA,15,4,3,2,6,3,40,30,22,14
13,BA3921,Pine*,0.326530612,0.591836735,0.551020408,0.632653061,0.8,9.79336464,10513.00471,3921,8528.718,3201.096,4,130,Lower,CES203.559,Hydric,Water Oak,43,NA,35,20,Red Maple,40,NA,28,18,Sweetgum,67,NA,24,2,0,2,0,0,16,29,27,31
14,BA3932,Mixed,0.551020408,0.755102041,0.857142857,0.204081633,2.4,24.92485136,9457.764684,3932,8526.841,3200.909,16,360,Mid,CES203.496d,Mesic,Water Oak,167,NA,25,30,Water Oak,131,NA,39,25,Tulip Poplar,128,NA,34,2,2,3,4,1,27,37,42,10
15,BA3971,Pine,0.897959184,0.653061224,0.183673469,0.367346939,2.8,21.1451216,0,3971,8528.759,3200.81,4,165,Flat,CES203.496c,Mesic,Loblolly,56,NA,23,36,Loblolly,56,NA,21,35,Yellow Poplar,42,NA,21,2,1,9,2,0,44,32,9,18
16,BA3983,Mixed,0.755102041,0.755102041,0.469387755,0.653061224,3.8,72.0756448,60223.91229,3983,8526.7,3200.609,10,200,Lower,CES203.496d,Mesic,Pig Nut,92,21,9999,9,Water Oak,81,12,9999,42,Water Oak,66,24,18,3,3,3,4,6,37,37,23,32
17,BA3988,Mixed*,0.408163265,0.714285714,0.673469388,0.530612245,1.4,2.2936016,0,3988,8525.843,3200.53,7,240,Mid,CES203.496d,Mesic,Water Oak,80,23,9999,7,Black Oak,78,25,57,10,Water Oak,68,17,11,0,2,2,3,0,20,35,33,26
18,BA4000,Pine,0.755102041,0.571428571,0.306122449,0.387755102,4,21.92117584,0,4000,8528.781,3200.651,7,245,Lower,CES203.496c,Mesic,Loblolly,75,NA,29,39,Pignut,70,NA,42,19,Water Oak,72,NA,26,2,3,6,5,4,37,28,15,19
19,BA4001,OpenHerb,0.06122449,0.244897959,0.448979592,0.693877551,0.8,9.85306112,0,4001,8528614,3200642,0,180,Flat,SEGAP211,Mesic,Post oak,80,NA,86,13,NTTC,NA,NA,NA,NA,NTTC,NA,NA,NA,0,0,0,2,2,3,12,22,34
20,BA4003,Succ*,0,0,0.632653061,0.93877551,0.4,0,261510.4053,4003,8528.271,3200.607,15,80,Mid,SEGAP511,Mesic,NTTC,NA,NA,NA,NA,NTTC,NA,NA,NA,NA,NTTC,NA,NA,NA,2,0,0,0,0,0,0,31,46
21,BA4015,OpenHerb,0.346938776,0.306122449,0.204081633,0.775510204,0.6,96.81198096,0,4015,8525.181,3200.3153,0,9999,Flat,SEGAP211,Xeric,Water Oak,63,NA,9999,10,Water Oak,64,NA,9999,15,Shortleaf Pine,9999,NA,21,1,0,2,0,0,17,15,10,38
22,BA4016,OpenHerb,0.102040816,0.12244898,0.163265306,0.489795918,0,0,0,4016,8525.014,3200.306,0,0,Flat,SEGAP820,Mesic,NTTC,NA,NA,NA,NA,NTTC,NA,NA,NA,NA,NTTC,NA,NA,NA,0,0,0,0,0,5,6,8,24
23,BA4027,Pine,0.224489796,0.081632653,0.428571429,0.857142857,1.6,6.65144464,9439.519884,4027,8529.329,3200.58,1,10,Flat,CES203.496c,Mesic,Loblolly,71,NA,25,41,Loblolly,69,NA,27,37,Loblolly,69,NA,34,1,3,0,4,0,11,4,21,42
24,BA4029,Pine,0.408163265,0.081632653,0.510204082,0.448979592,4,8.07159248,7942.059326,4029,8528.967,3200.531,7,210,Mid,CES203.496c,Mesic,Loblolly,74,NA,34,34,Loblolly,79,NA,30,35,Loblolly,73,NA,28,1,8,4,2,5,20,4,25,22
25,BA4032,Mixed*,0.020408163,0.06122449,0.469387755,0.693877551,0.2,0,15590.52006,4032,8528.455,3200.475,3,65,Lower,SEGAP511,Mesic,NTTC,NA,NA,NA,NA,NTTC,NA,NA,NA,NA,NTTC,NA,NA,NA,0,0,0,1,0,1,3,23,34
26,BA4044,OpenHerb,0,0.020408163,0,0.142857143,0.4,0,0,4044,8525.203,3200.175,0,0,Flat,SEGAP820,Mesic,NTTC,NA,NA,NA,NA,NTTC,NA,NA,NA,NA,NTTC,NA,NA,NA,0,0,0,2,0,0,1,0,7
27,BA4045,OpenHerb,0,0,0.102040816,0.714285714,0,0,0,4045,8525.027,3200.163,0,0,Flat,SEGAP820,Mesic,NTTC,NA,NA,NA,NA,NTTC,NA,NA,NA,NA,NTTC,NA,NA,NA,0,0,0,0,0,0,0,5,35
28,BA4048,ForWet,0.959183673,0.857142857,0.612244898,0.857142857,0.6,51.34211472,0,4048,8524.513,3200.109,0,340,Flat,CES203.559,Hydric,Water Oak,71,NA,43,45,Willow Oak,67,NA,34,37,Water Oak,89,NA,46,1,0,1,1,0,47,42,30,42
29,BA4049,Succ*,0,0.469387755,0.448979592,0.755102041,2.6,1.6337984,0,4049,8530.524,3200.532,4,200,Mid,CES203.496c,Mesic,Loblolly,31,NA,14,4,Loblolly,28,NA,12,6,Loblolly,34,NA,9,0,3,4,6,0,0,23,22,37
30,BA4055,Pine,0.469387755,0.265306122,0.469387755,0.795918367,1.8,21.13883776,28380.39405,4055,8529.514,3200.43,10,210,Mid,CES203.496c,Mesic,Loblolly,66,NA,28,26,Loblolly,71,NA,26,40,Loblolly,73,NA,40,2,3,2,1,1,23,13,23,39
31,BA4057,Pine,0.367346939,0.367346939,0.387755102,0.734693878,3.2,20.70211088,36465.51313,4057,8529.161,3200.395,4,35,Flat,CES203.496c,Mesic,Loblolly,68,NA,27,38,Loblolly,70,NA,29,31,Loblolly,74,NA,36,2,4,4,0,6,18,18,19,36
32,BA4071,OpenHerb*,0.755102041,0.755102041,0.571428571,0.204081633,1.4,10.57570272,0,4071,8526.738,3200.171,16,180,Lower,CES203.496d,Mesic,Water Oak,104,NA,54,34,Water Oak,64,NA,37,18,Sweetgum,68,NA,29,1,2,1,1,2,37,37,28,10
33,BA4076,HDWD*,0.714285714,0.87755102,0.755102041,0.653061224,2.8,50.3806872,28827.07093,4076,8524.541,3159.974,13,0,Mid,CES203.496d,Mesic,Hickory,87,NA,30,29,Hickory,56,NA,30,16,Hickory,132,NA,36,2,1,4,2,5,35,43,37,32
34,BA4079,OpenHerb*,0.204081633,0.734693878,0.408163265,0.897959184,2.6,8.24439808,13914.11386,4079,8530.208,3200.347,8,260,Mid,CES203.496d,Mesic,Post Oak,63,NA,35,6,Cottonwood,76,NA,7,29,Sweetgum,88,NA,13,1,7,2,0,3,10,36,20,44
35,BA4086,ForWet,0.224489796,0.87755102,0.469387755,0.632653061,1.6,20.58585984,15825.70492,4086,8529.005,3200.247,0,95,Flat,CES203.496d,Hydric,Loblolly,67,NA,26,23,Coastal Plain Willow,56,NA,26,29,Loblolly,63,NA,32,4,3,1,0,0,11,43,23,31
36,BA4087,Pine,0.346938776,0.244897959,0.224489796,0.755102041,2.6,13.18663824,36232.68341,4087,8528.838,3200.223,3,55,Flat,CES203.496c,Xeric,Loblolly,88,NA,29,44,Loblolly,75,NA,29,44,Loblolly,83,NA,38,0,4,0,6,3,17,12,11,37
37,BA4106,Pine,0.510204082,0.224489796,0.346938776,0.795918367,4.8,19.18456352,26193.7932,4106,8529.881,3200.172,4,110,Lower,CES203.496c,Mesic,Loblolly,68,NA,32,26,Loblolly,72,NA,27,33,Loblolly,68,NA,34,2,2,3,9,8,25,11,17,39
38,BA4117,ForWet,0.489795918,0.755102041,0.428571429,0.714285714,0.8,34.56112,42787.2353,4117,8527.488,3159.956,0,0,Flat,CES203.559,Hydric,Water Oak,70,NA,65,44,Swamp Chestnut,66,NA,48,22,Sweetgum,75,NA,20,0,3,0,0,1,24,37,21,35
39,BA4132,Pine,0.510204082,0.326530612,0.387755102,0.693877551,0.8,7.09131344,1949.358242,4132,8529.905,3200.031,9999,70,Flat,CES203.496c,Mesic,Loblolly,67,NA,24,36,Loblolly,80,NA,26,46,Tulip Poplar,79,NA,26,0,1,0,1,2,25,16,19,34
40,BA4137,ForWet,0.714285714,0.510204082,0.102040816,0.224489796,1.4,81.98526048,83975.34759,4137,8528.358,3159.871,0,0,Flat,CES203.559,Hydric,Burr Oak,57,NA,48,5,Burr Oak,71,NA,58,8,9999,78,NA,6,2,1,2,2,0,35,25,5,11
41,BA4161,Succ,0.653061224,0.673469388,0.469387755,0.510204082,3.2,9.21210944,0,4161,8529.925,3159.879,8,70,Mid,SEGAP420,Mesic,Loblolly,32,NA,13,14,Loblolly,47,NA,15,13,Sweetgum,31,NA,6,5,3,3,3,2,32,33,23,25
42,BA4166,ForWet,0.653061224,0.714285714,0.632653061,0.714285714,1,82.00725392,0,4166,8528.381,3159.739,0,0,Flat,CES203.559,Hydric,River Birch,54,NA,44,27,Water Oak,70,NA,56,43,Tulip Poplar,72,NA,38,0,0,1,0,4,32,35,31,35
43,BA4191,Succ,0.816326531,0.408163265,0.081632653,0.653061224,2.4,8.55544816,0,4191,8529.788,3159.708,2,150,Flat,SEGAP420,Mesic,Loblolly,37,NA,16,10,Loblolly,43,NA,15,12,Loblolly,41,NA,12,4,1,3,1,3,40,20,4,32
44,BA4208,ForWet*,0.93877551,0.714285714,0.87755102,0.857142857,1.4,47.68491984,17306.40561,4208,8525.996,3159.352,10,55,Lower,CES203.496d,Mesic,Water Oak,92,NA,94,42,Water Oak,79,NA,56,38,Sweetgum,85,NA,32,1,3,3,0,0,46,35,43,42
45,BA4211,OpenHerb,0.693877551,0.12244898,0.265306122,0.979591837,1.2,27.44781312,17638.24785,4211,8525.488,3159.323,7,360,Mid,CES203.496c,Mesic,Chinkapin Oak,50,NA,56,10,Loblolly,69,NA,31,42,Chinkapin Oak,52,NA,12,0,0,2,2,2,34,6,13,48
46,BA4222,Mixed*,0.510204082,0.897959184,0.530612245,0.265306122,3,25.213908,61635.4194,4222,8530.815,3159.673,8,310,Ridge,CES203.496a,Mesic,White Oak,89,NA,80,24,Hickory,41,NA,47,20,Pig Nut,59,NA,33,3,0,5,4,3,25,44,26,13
47,BA4227,Pine,0.673469388,0.285714286,0.693877551,0.897959184,1.2,8.80051792,0,4227,8529.956,3159.578,2,255,Flat,CES203.496c,Mesic,Shortleaf,63,NA,26,31,Loblolly,67,NA,23,29,Loblolly,81,NA,41,1,2,1,2,0,33,14,34,44
48,BA4228,Pine,0.612244898,0.06122449,0.040816327,0.693877551,3.8,10.60083808,5465.11458,4228,8529.783,3159.58,5,130,Lower,CES203.496c,Mesic,Loblolly,79,NA,22,34,Loblolly,72,NA,26,39,Loblolly,63,NA,33,0,5,0,5,9,30,3,2,34
49,BA4236,Pine,0.489795918,0.510204082,0.408163265,0.326530612,2.2,50.69173728,10713.14511,4236,8528.428,3159.465,8,140,Ridge,CES203.476,Mesic,Water Oak,64,NA,62,9,Loblolly,76,NA,55,55,Loblolly,78,NA,57,1,6,0,4,0,24,25,20,16
50,BA4246,ForWet,0.775510204,0.857142857,0.571428571,0.530612245,0.2,34.71193216,0,4246,8526.527,3159.271,13,325,Ridge,CES203.559,Hydric,Post Oak,78,NA,43,46,River Birch,60,NA,23,26,Water Oak,38,NA,26,0,0,1,0,0,38,42,28,26
51,BA4248,ForWet,0.591836735,0.612244898,0.591836735,0.959183673,0.6,5.38210896,0,4248,8526.2,3159.244,0,0,Flat,CES203.496d,Mesic,River Birch,35,NA,27,22,Sweetgum,44,NA,9999,16,Sweetgum,46,NA,22,1,0,0,1,1,29,30,29,47
52,BA4269,HDWD*,0.489795918,0.673469388,0.693877551,0.510204082,3.8,3.61006608,84348.93532,4269,8531.177,3159.564,14,110,Mid,CES203.496c,Mesic,Loblolly,51,NA,32,34,White Oak,58,NA,62,29,American Elm,64,NA,47,4,4,3,4,4,24,33,34,25
53,BA4270,HDWD*,0.469387755,0.693877551,0.591836735,0.489795918,2.8,6.10160864,39211.58136,4270,8531.003,3159.55,14,120,Ridge,CES203.476,Mesic,Loblolly,59,NA,33,34,Loblolly,61,NA,29,36,Tulip Poplar,60,NA,34,2,3,2,3,4,23,34,29,24
54,BA4289,ForWet,0.591836735,0.959183673,0.265306122,0.653061224,1.4,78.2652272,11275.17603,4289,8527.751,3159.231,1,70,Flat,CES203.496d,Hydric,Mocker Nut,76,NA,89,39,Mocker Nut,64,NA,58,34,Yellow Poplar,75,NA,32,1,1,2,0,3,29,47,13,32
55,BA4290,Mixed,0.897959184,0.632653061,0.448979592,0.632653061,2,165.3749592,9101.403357,4290,8527.594,3159.24,9999,9999,Flat,CES203.559,Hydric,Red Maple,66,NA,49,10,Sycamore,74,NA,63,47,Sweetgum,78,NA,52,0,0,4,3,3,44,31,22,31
56,BA4291,ForWet,0.857142857,0.775510204,0.632653061,0.673469388,3,101.4557387,63888.4754,4291,8527.392,3159.208,0,0,Flat,CES203.496c,Mesic,Loblolly,95,NA,53,73,Loblolly,96,NA,54,67,Tulip Poplar,74,NA,26,5,4,3,2,1,42,38,31,33
57,BA4301,Succ,0.367346939,0.204081633,0.857142857,0.93877551,2,3.48124736,191530.4948,4301,8525.707,3159.058,0,0,Flat,CES203.496d,Mesic,Water Oak,47,NA,62,8,Mockernut,56,NA,63,11,Red Oak,70,NA,16,1,4,2,1,2,18,10,42,46
58,BA4314,Pine,0.693877551,0.612244898,0.632653061,0.428571429,3,66.97316672,10662.82727,4314,8523.452,3158.823,7,110,Mid,CES203.496c,Mesic,Loblolly,94,NA,56,67,Loblolly,110,NA,71,67,Water Oak,123,NA,45,1,6,3,5,0,34,30,31,21
59,BA4326,Pine,0.551020408,0.102040816,0.306122449,0.653061224,1.6,19.26939536,2754.993498,4326,8529.824,3159.294,12,115,Ridge,CES203.496c,Mesic,Loblolly,61,NA,23,35,Loblolly,57,NA,25,25,Loblolly,62,NA,31,2,0,0,2,4,27,5,15,32
60,BA4333,Pine,0.571428571,0.265306122,0.673469388,0.979591837,1,16.7150144,1814.583917,4333,8528.623,3159.191,1,170,Flat,CES203.496c,Mesic,Loblolly,74,NA,26,25,Loblolly,60,NA,28,30,Loblolly,65,NA,29,2,1,0,1,1,28,13,33,48
61,BA4339,ForWet,0.836734694,0.755102041,0.775510204,0.653061224,2.4,24.62636896,0,4339,8527.59,3159.085,1,340,Flat,CES203.496d,Mesic,Red Maple,52,NA,43,27,Red Maple,61,NA,46,20,Mockernut,62,NA,23,1,3,3,2,3,41,37,38,32
62,BA4343,ForWet,0.87755102,0.693877551,0.530612245,0.897959184,0.6,100.4943112,14718.67574,4343,8526.919,3159.015,4,42,Flat,CES203.496d,Mesic,Loblolly,99,NA,58,46,Loblolly,84,NA,47,46,Sweetgum,107,NA,51,1,1,0,1,0,43,34,26,44
63,BA4349,Pine*,0.551020408,0.448979592,0.795918367,0.673469388,2.2,8.55544816,0,4349,8525.894,3158.924,12,315,Mid,CES203.496d,Mesic,White Oak,67,NA,59,22,Pignut Hickory,58,NA,50,14,Sweetgum,43,NA,10,2,2,3,2,2,27,22,39,33
64,BA4369,Pine*,0.551020408,0.510204082,0.285714286,0.551020408,2.4,9.2843736,13101.46238,4369,8530.866,3159.243,16,20,Ridge,NA,Mesic,Loblolly,85,NA,35,47,Water Oak,49,NA,52,21,NA,77,NA,16,1,4,2,1,4,27,25,14,27
65,BA4386,Succ*,0.163265306,0.204081633,0.285714286,1,0.4,0,0,4386,8527.96,3158.973,0,0,Flat,SEGAP820,Mesic,Sweetgum,69,NA,9999,13,Sweetgum,65,NA,9999,12,NTTC,NA,NA,NA,0,0,2,0,0,8,10,14,49
66,BA4387,Succ*,0.346938776,0.306122449,0.244897959,0.693877551,0,0,770.5017782,4387,8527790,3158954,2,185,Flat,SEGAP820,Mesic,water oak,67,NA,38,10,water oak,61,NA,30,15,yellow poplar,69,NA,43,NA,NA,NA,NA,NA,17,15,12,34
67,BA4393,Succ,0.285714286,0.183673469,0.204081633,0.836734694,1,5.54234688,0,4393,8526.761,3158.859,2,345,Ridge,CES203.496d,Mesic,Pignut Hickory,62,NA,26,8,White Oak,44,NA,22,10,Sweetgum,59,NA,16,0,0,3,1,1,14,9,10,41
68,BA4409,HDWD*,0.285714286,0.530612245,0.918367347,0.428571429,0,4.90767904,0,4409,8523.167,3158.519,6,170,Mid,CES203.496d,Mesic,White Oak,56,NA,37,17,White Oak,75,NA,54,18,NA,76,NA,23,0,0,0,0,0,14,26,45,21
69,BA4425,Mixed,0.469387755,0.408163265,0.326530612,0.346938776,1.6,16.4322416,12673.41096,4425,8528.838,3158.909,1,305,Flat,SEGAP211,Xeric,Post Oak,50,NA,59,13,Shortleaf Pine,54,NA,53,19,Loblolly,53,NA,34,0,4,1,3,0,23,20,16,17
70,BA4429,Mixed,0.87755102,0.816326531,0.591836735,0.469387755,1.8,46.09825024,44182.86376,4429,8528.144,3158.846,1,105,Flat,CES203.559,Hydric,Water Oak,86,NA,54,46,Water Oak,95,NA,47,41,Sweet Gum,22,NA,75,1,1,3,2,2,43,40,29,23
71,BA4476,OpenHerb*,0.408163265,0.632653061,0.755102041,0.326530612,1.8,13.34059232,0,4476,8527.663,3158.647,1,170,Flat,CES203.496c,Mesic,Loblolly,42,NA,18,21,Water Oak,86,NA,38,45,Sweetgum,52,NA,25,2,2,1,2,2,20,31,37,16
72,BA4484,Succ,0,0,0.163265306,0.87755102,0,0,0,4484,8526.285,3158.524,6,20,Mid,SEGAP710,Xeric,NTTC,NA,NA,NA,NA,NTTC,NA,NA,NA,NA,NTTC,NA,NA,NA,0,0,0,0,0,0,0,8,43
73,BA4485,OpenHerb*,0.571428571,0.265306122,0.693877551,0.714285714,1,9.18069024,40491.53113,4485,8526.121,3158.503,17,110,Mid,CES203.496d,Mesic,Water Oak,62,NA,57,15,Red Oak,78,NA,67,13,Sweet Gum,59,NA,6,2,0,0,2,1,28,13,34,35
74,BA4499,Mixed,0.408163265,0.612244898,0.836734694,0.551020408,1,21.47816512,3762.371362,4499,8529.585,3158.662,7,20,Mid,CES203.496d,Mesic,Greem Elm,40,NA,57,19,Water Oak,53,NA,44,26,Tulip Poplar,67,NA,31,2,0,0,1,2,20,30,41,27
75,BA4506,ForWet,0.714285714,0.714285714,0.428571429,0.530612245,1.6,67.34391328,14361.26722,4506,8528.18,3158.572,0,0,Flat,CES203.559,NA,Mockernut Hickory,70,NA,55,55,Swamp Chestnut,75,NA,80,40,Yellow Poplar,72,NA,35,2,1,2,2,1,35,35,21,26
76,BA4538,ForWet*,0.632653061,1,0.346938776,0.367346939,4.4,32.79536096,411898.9566,4538,8528.55,3158.428,6,310,Lower,CES203.559,Hydric,Water Oak,68,NA,57,37,Water Oak,96,NA,95,62,Sweetgum,77,NA,52,6,2,4,5,5,31,49,17,18
77,BA4539,Pine,0.653061224,0.836734694,0.571428571,0.673469388,2.6,36.9803984,161761.7933,4539,8528.379,3158.423,6,145,Lower,CES203.559,Hydric,Water Oak,86,NA,66,18,Water Oak,103,NA,83,57,Tulip Poplar,124,NA,52,6,1,0,2,4,32,41,28,33
78,BA4548,Succ,0.265306122,0.612244898,0.551020408,0.612244898,3,14.94925536,0,4548,8526.834,3158.283,14,85,Mid,CES203.496d,Mesic,Post Oak,51,NA,62,12,White Oak,60,NA,62,14,Pig Nut,57,NA,17,3,6,0,6,0,13,30,27,30
79,BA4554,HDWD,0.612244898,0.734693878,0.795918367,0.326530612,4.4,9.35663776,0,4554,8531.317,3158.56,16,180,Mid,CES203.476,Mesic,Red Oak,47,NA,59,14,Pig Nut,79,NA,69,26,Pig Nut,69,NA,19,4,6,3,4,5,30,36,39,16
80,BA4556,Succ*,0.673469388,0.693877551,0.387755102,0.12244898,5.6,4.58406128,0,4556,8530.974,3158.51,2,215,Lower,SEGAP420,Mesic,Loblolly,37,NA,17,17,Lobolly,41,NA,16,18,Loblolly,38,NA,17,8,6,4,6,4,33,34,19,6
81,BA4557,HDWD*,0.632653061,0.897959184,0.326530612,0.142857143,2.2,44.41418112,0,4557,8530.797,3158.507,9999,15,Ridge,CES203.496d,Mesic,White Oak,64,NA,107,28,Pig Nut,65,NA,97,28,Yellow Poplar,71,NA,22,1,4,1,3,2,31,44,16,7
82,BA4559,Pine,0.489795918,0.612244898,0.469387755,0.469387755,0.8,6.21471776,0,4559,8530.445,3158.528,9999,25,Lower,CES203.496c,Mesic,Water Oak,49,NA,52,23,Loblolly,41,NA,57,25,Red Oak,46,NA,14,0,0,0,3,1,24,30,23,23
83,BA4569,Mixed,0.795918367,0.816326531,0.428571429,0.428571429,1.8,96.55434352,0,4569,8528.748,3158.313,4,360,Flat,CES203.559,Hydric,American Elm,56,NA,142,34,Water Oak,76,NA,43,54,Southern Red Oak,155,NA,44,6,0,0,3,0,39,40,21,21
84,BA4577,Mixed,0.163265306,0.408163265,0.387755102,0.693877551,0,4.0687864,0,4577,8527.376,3158.186,6,270,Mid,SEGAP513,Mesic,Southern Red Oak,46,NA,79,11,Southern Red Oak,88,NA,65,30,Sweetgum,74,NA,26,0,0,0,0,0,8,20,19,34
85,BA4595,Mixed,0.469387755,0.734693878,0.489795918,0.693877551,4,17.044916,4095.484903,4595,8528.586,3158.156,5,295,Lower,CES203.496d,Mesic,Post Oak,73,NA,54,16,White Oak,58,NA,57,13,Water Oak,85,NA,46,3,2,2,8,5,23,36,24,34
86,BA4614,Mixed,0.346938776,0.612244898,0.857142857,0.612244898,4.4,13.27775392,247972.427,4614,8528.604,3158.01,2,130,Flat,CES203.496d,Mesic,Green Ash,62,NA,63,15,Post Oak,57,NA,67,16,Tulip Poplar,65,NA,9,3,5,3,6,5,17,30,42,30
87,BA4615,Mixed,0.285714286,0.693877551,0.755102041,0.653061224,3.4,23.84403088,281190.2925,4615,8528.433,3157.994,9999,351,Mid,CES203.496d,Mesic,Water Oak,68,NA,66,22,Water Oak,87,NA,72,24,Water Oak,86,NA,35,1,3,1,6,6,14,34,37,32
88,BA4626,HDWD,0.979591837,0.897959184,0.673469388,0.714285714,2.8,41.43878288,13370.79112,4626,8523.296,3157.51,7,220,Lower,CES203.496d,Mesic,Loblolly,155,NA,84,82,Loblolly,124,NA,86,96,Tulip Poplar,144,NA,38,6,2,1,1,4,48,44,33,35
89,BA4635,HDWD,0.448979592,0.591836735,0.530612245,0.673469388,1,47.87971888,0,4635,8527.07,3157.723,1,360,Flat,CES203.559,Hydric,American Elm,36,NA,45,13,American Elm,48,NA,53,16,Red Maple,43,NA,8,0,0,0,2,3,22,29,26,33
90,BA4638,HDWD,0.918367347,0.857142857,0.591836735,0.306122449,1.8,29.28897824,11191.60548,4638,8526.236,3157.637,3,70,Lower,CES203.496d,Mesic,Loblolly,88,NA,62,62,Mockernut,119,NA,51,31,Sweetgum,61,NA,41,5,3,0,1,0,45,42,29,15
91,BA4641,Pine,0.87755102,0.653061224,0.714285714,0.285714286,1.4,13.30288928,40760.45042,4641,8525.216,3157.534,2,55,Lower,CES203.496c,Mesic,Loblolly,94,NA,31,43,Loblolly,96,NA,30,43,Tulip Poplar,85,NA,37,0,1,3,0,3,43,32,35,14
92,BA4665,Pine,0.734693878,0.571428571,0.244897959,0.163265306,5.4,12.00841824,38103.3301,4665,8528.655,3157.574,7,105,Mid,SEGAP420,Mesic,Loblolly,44,NA,21,17,Loblolly,36,NA,21,18,Loblolly,36,NA,19,7,3,6,7,4,36,28,12,8
93,BA4673,HDWD,0.979591837,0.93877551,0.632653061,0.224489796,2,35.88386832,0,4673,8526.098,3157.333,10,85,Mid,CES203.496c,Mesic,Loblolly,66,NA,35,43,Loblolly,75,NA,33,42,Water Oak,71,NA,24,3,2,0,3,2,48,46,31,11
94,BA4684,Succ*,0,0,0.020408163,0.897959184,0,0,0,4684,8526.122,3157.19,0,0,Flat,SEGAP513,Mesic,NTTC,NA,NA,NA,NA,NTTC,NA,NA,NA,NA,NTTC,NA,NA,NA,0,0,0,0,0,0,0,1,44
95,BA4685,HDWD*,0.12244898,0.612244898,0.959183673,0.755102041,2,8.79423408,30803.44687,4685,8525.096,3157.092,2,190,Lower,CES203.559,Hydric,Water Oak,52,NA,30,17,Pignut Hickory,54,NA,23,14,Sourwood,39,NA,16,0,3,3,2,2,6,30,47,37
96,BA4687,Pine,0.93877551,0.775510204,0.795918367,0.734693878,2,49.78686432,743.7657776,4687,8523.557,3156.935,1,250,Flat,CES203.559,Hydric,Blackgum,74,NA,59,38,Red Maple,88,NA,48,29,Tulip Poplar,87,NA,45,1,0,4,2,3,46,38,39,36
97,BA4694,OpenHerb*,0.693877551,0.244897959,0.06122449,0.816326531,0.2,49.47267232,1572.052964,4694,8527.739,3157.077,10,340,Ridge,CES203.496c,Mesic,Loblolly,119,NA,75,44,Loblolly,120,NA,67,50,Loblolly,122,NA,54,0,1,0,0,0,34,12,3,40
98,BA4713,Succ,0.183673469,0.346938776,0.775510204,0.857142857,1,1.8223136,0,4713,8522.926,3156.444,7,80,Lower,SEGAP513,Mesic,Loblolly,34,NA,15,6,Loblolly,49,NA,24,30,Sweetgum,49,NA,4,1,0,2,2,0,9,17,38,42
99,BA4720,HDWD,0.857142857,0.897959184,0.489795918,0.244897959,3.2,12.48284816,4219.001854,4720,8524.132,3156.418,8,70,Lower,CES203.476,Mesic,Loblolly,66,NA,30,36,White Oak,81,NA,9999,28,Sweetgum,86,NA,28,0,6,6,1,3,42,44,24,12
100,BA4727,Succ,0.102040816,0,0,0,0,1.8223136,0,4727,8522.951,3156.297,10,210,Mid,SEGAP513,Mesic,Water Oak,47,NA,15,6,Water Oak,41,NA,22,11,Sweetgum,37,NA,9,0,0,0,0,0,5,0,0,0
101,BA4733,HDWD*,0.979591837,1,0.469387755,0.653061224,0.4,11.32033776,0,4733,8523.985,3156.264,2,340,Toe,CES203.476,Mesic,Loblolly,76,NA,34,31,Loblolly,77,NA,22,34,Sweetgum,65,NA,11,0,0,2,0,0,48,49,23,32
